Authorname,Comments
Radin ƒåern√Ω,"Summary for those who are not fans of long videos: The name of this video says ""Docker Tutorial for Beginners "", but the interesting part starts in time 6:30 and ends in 27:30. It is a very brief introduction to the theory of Docker - today is used also file docker-compose.yml for configuration but it is not mentioned. (I am a beginner so I was looking forward to know more) In time 6:20 the author says he will teach us Docker so we can use it as a Pro, but it probably was not meant for this video. In the rest of the video (53% of the total time) Linux commands are presented. Nice video, perfectly prepared, but the name could be more descriptive. But still I am giving thumb up."
Filipe Freire,"More a linux starter tutorial than a docker one, but good enough for beginners! The editing of the video is very well done too. :)"
Troll Gamer,"Hello mosh, i am a 15 year old kid and was learning python from your videos and want to thank you for making such cool videos as people in my class consider me a cool kid because i know way more python than they teach in school and because of your viewer friendly and simplified videos, its easy and fun to learn. Im looking forward to learn more languages and be a web developer in the future and the credit goes to you. Thanks a lot :D"
Ash Moore,"Hi Mosh, I just want to say thank you so much for providing such valuable content and presenting it in the most engaging and user friendly manner as you have. 
I learn so much more ffectively when watching videos that are very well put together, colourful, clearly spoken at a nice pace and a great balance with the music and sound effects etc :) I have seen too many dull and lifeless videos about topics which I am keen to learn more about, but have dropped very quickly due to the lack of engaging content and overall presentation from the videos. You have absolutely nailed this though and you have just earned yourself another subscriber :D keep up the amazing work!"
Irfan Shaikh,Excellent beginners tutorial. You have not jumped to complex things but ensured the basics are covered for anyone who wants to learn docker.
Ayesheh Ahrari Khalaf,Amazing course. I love how you are not above explaining everything single things to beginner level. Anyone with little programming background can enjoy this course. Thank you
Danial,"As a person who just started in backend development, Docker always seemed daunting and scary. But man.. this video really cleared most of my doubts. Thanks Most!"
selma taleb,Thanks a lot!! finally a tutorial that helped so much! I love the way you make everything simple and easy to understand
lakermark2006,"what an amazing tutorial! thank you for providing this comprehensive course. I especially like how enough details were provided on certain topics, which removes any assumptions of knowledge/expertise about them."
Bikash Mohanty,"Hey Mosh, i have been following all your tutorials that are relevant to me and they have been hugely useful.. Thank you for that.. Can you also make some videos on Devops topics ?"
‚Äå‚Äå‚Äå‚Äå‚Äå‚Äå‚Äå‚ÄåSumit Patidar,Thanks for the great practical video. The concepts are now crystal clear üî•
Darth Killer,"34:00 yes on Windows (and DOS) the backslash notation is used for paths, but please note that the slash notation works too. Even in the terminal or in the explorer. Useful. ;)"
Anwesha Chatterjee,"Hello Mosh, Thank you so much for this course. Your way of teaching is too good. It gives us a clear understanding of the topic. Can you please create a course on Deploy docker containers on AWS?"
Matthew Rawlings,"This tutorial quality is unmatched. Thank you, Mosh!"
M,"You should have mentioned the differences among Hypervisors, Linux Containers and Docker. The types of containers according to its level: Operating System Level and Application Level."
Lillian Pierson,Great tutorial! You made it look so easy and simple to use Docker. This will surely come in handy. Thanks so much for sharing!
Peter Kov√°cs,"Hey Mosh, in your Python guide for beginners (https://youtu.be/_uQrJ0TkZlc) , you mentioned the cheat sheet you created, however the link in the descrption seems to have expired or the file was removed. If you could update it, it would be great :)"
Jitesh Gamit,"You're just great at explaining things, Sir.
Can you please make a video on terminal and IDE configuration?"
Hardik Parmar,"I am currently learning  full stack development using mean stack and till now your videos have helped a lot achieving my goal. As I was looking for resources to learn docker and I found it a bit tricky so I paused for a while and continued learning full stack dev,  but then i found your video,  now I think i am at the right place and i am so excited to learn it from you.
I have not watched the whole video yet but i am sure that  i will enjoy it. even if i do not have enough knowledge of technology, i still watch your videos cause it really feels great to see things become easy suddenly.
Thank you for being on YouTube. I I would buy one of your videos in future when i will need to learn particular tech properly for industry perspective. 
Thanks again"
Ahmed Ibrahim,"I knew some basics of docker and I hated because of the teaching way.
But Mosh seems really encouraging me to take the full structured course. Thank you"
DigitalLife,This is the exact time I needed this course. You just read my mind. Thank you Sir! Love your courses a lot!‚ù§‚ù§
Tayeb Himel,This is one of the best docker course I have ever seen. Most of us who has no prior knowledge of Linux can greatly benefitted from this course. Thank you so much.
Mochi,By the way thank you so much! I tried doing Java and saw your video‚Ä¶ then I realized I needed to know more about other subjects such as what is Linux or hyperv or cloud machines and how I can do much more backend developing because of you Java tutorial! Again thank you more widening my POV of IT!
Brent Stone Creative,"Mosh, thank you so much for this tutorial video on Docker. Your tutorial videos are well designed, have great graphics, the concepts are very well explained and really help the beginner. I'm taking a programming course through a college and we just started lectures on Docker yesterday. There were a lot of terms to digest and I had no idea what was referring to what or what was even being talked about. You've broken down the concepts into easy to understand language. Before I didn't even know what the purpose of Docker was. You've given it context. Thank you."
Emmanuel Pe√±a Rodriguez,Wow... This introduction course is very helpful. Everything was well explained detail by detail. Hopefully I will be able to take the full course soon! Thanks @Mosh
29 Naman Kumar,"Sir I was eagerly waiting for your next video.... And you uploaded it! I'm very thankful! A man who spends a couple of hours just to educate others is not only a God for everyone, but also an inspiration. I have to buy the course now, anyhow"
Ethan Lal,"I love the way you teach! Please make a dart and flutter course in the future. I haven't picked up any other course, because I wanted to learn just from you :)"
Valijanov Bakhrom,"I have taken the complete Docker Course and it was really amazing, thanks for the course.
Now I am going to take Angular course to scale up my front end skills!!!"
Venu Sumanth Potru,"Hi Mosh, Awesome work that you did in making this video. Really helped me a lot. Thank You so much."
eae,This is one of the best channels for beginners in any programming language. Mosh gives a very good introduction in every course.
Pejman MGH,Hi Mosh. Thank you for your great lessons! Could you please introduce to me a source that I can ask my python questions? Thanks.
Yasmine Kordjazy,This is great and easy to follow! thanks so much üôÇ
Haneen,"I would really appreciate it if you could explain object oriented programming using real life examples where it could be implemented as most people explain it using analogies like ""a class is car and it's attributes are fuel"" or using an over simplified example. Thanks for making programming education more accessible!"
Obi Wan Kenobi,"Thank you very much Mosh. I  just started an education as a programmer and i had no idea about docker. But your explanations of the functions itself, and ur tutorial of actually using it was just great"
Lorand Mihaly,You're literally the only person on the internet that can explain anything so that others understand it. Thank you!
ùôáùôäùôÄùôÉùòæùôçùòºùòæùôÜ  ON INSTAGRAM,I CAN'T IMAGINE LIFE WITHOUT THIS DUDE HE'S THE GREATEST GUY IN THE WORLD üåé I REALLY APPRECIATE HIS GOOD WORK.
ùôáùôäùôÄùôÉùòæùôçùòºùòæùôÜ  ON INSTAGRAM,I CAN'T IMAGINE LIFE WITHOUT THIS DUDE HE'S THE GREATEST GUY IN THE WORLD üåé I REALLY APPRECIATE HIS GOOD WORK.
TheTrinch,"Woah! I was literally looking for a Docker and Kubernetes tutorial, and I love your courses, so this comes in handy, I'll take a look at the complete course too"
Mr KONE Djakarya Ti√©coura,Your video is 100% well explained!! It helps a lot thanks a million. I am a sysops and it helps me improving more
Rajathraj Rao,"Hello Mosh,

This is indeed a great tutorial, The way you explained things, samples are really good. Thanks for this video."
Inbox üì® loehcrack on Instagram,"Really appreciate, this Incredible useful and digestible content You‚Äôre ‚òùÔ∏èmaking an impact and you deserve the reward Keep It up."
Inbox üì® loehcrack on Instagram,"Really appreciate, this Incredible useful and digestible content You‚Äôre ‚òùÔ∏èmaking an impact and you deserve the reward Keep It up."
AB,Your style of teaching is amazing; learned a lot from you . Thank you so much.
Anindha Parthy,I really enjoyed the video - thanks! What did you use to make the animations?
Pietro,Very informative content! Good to learn as a linux & docker beginner! thx!
John Jacob Jingleheimer Schmidt,Learnt like 80% of everything know when it comes to programming from Mosh back in 2017. I now work for a big bank. You really helped me out bro.
AERO ACEE03,Hey mosh! I'm a big fan of yours..I've learned a lot on coding in your video..Thank you so much for sharing us wht u know..it helps me alots as an new it studnt..I hope u'll never get tired in teaching and sharing what you knowss...again thank you moshhü•∞‚ù§Ô∏è
Learn Chinese Mandarin,"Mosh is just so good at teaching! If I am looking for a subject and I find Mosh has a video for it, I will watch Mosh's video first."
Joshua Alabre,"Hey man nice course. I'm having trouble with  the Docker in action section. For some reason I created the app.js file and Docekrfile, but  it keeps saying cannot find module /app.js. I did it exactly in the video, but I still keep getting that error. I also looked on stack overflow and found nothing."
Ibraheem El Ansari,Docker is reaally important when you're working in a team ! Perfect timing .. Thanks a lot
Arpit Agarwal,"Hi Mosh, thanks for making such a great courses. It would be great if you make Spring and Hibernate course."
Malko Gindrat,Oh my...I started this tutorial just for fun...I'm already at 10 minutes and can't stop! Now I will stay until the end! Thanks for this great tutorial.
Lynn & Lee Talks,I can't believe that this was free....such an amazing tutorial!
INAM U Khan,"Thank you for such educational videos. Your videos were very helpful when i started my career as a Full Stack developer and they are still helping me learn many new things whenever i watched a new video of yours. You are an amazing teacher. Thank you very much.
I just want to know if you are planning to make a Crash course on Rust."
Mandolin Sashaank,Finally! Mosh you don't know how long I have been waiting for this. Thank you so much for this! It really means a lot to me! Thank you üôèüôè
NotAkshit823,"I study in class 8th, my dream is to become a software engineer, Im able to learn coding languages easily from your channel, you are so helpful, even better than paid courses on the internet"
Roberto V√°squez,"Hey mosh! loved the video! short and straight to the point! 
I am curious as to why there was a whole section at the end dedicated to linux file system haha either way new subscriber here :) thanks!"
Stefan Busch,"Hello Mosh, thanks for these well presented infos. I have one question though: What ist the ""cut down OS"" mentioned at https://youtu.be/pTFZFxd4hOI?t=966 ? I thought I had understood from the preceeding part of your video that a container does *not* include its own OS. Clarification would be appreciated. Thanks!"
Sandeep Kumar,"Guys, Please don't skip the ads, He is making it so easy for us. Thank you Mosh"
Sarimm Chaudhry,"Hi mosh you are one of my most favorite programming teachers and have taught me a lot, what editing software do you use for all those cool animations and graphics"
Sourav Ghosh,"Hi Mosh,
I follow your courses from python to JavaScript to docker. I really like the way you structured them and  the contents too. Do you have plans for Kubernetes too ?"
Shawn Chap,Best thing for docker and Ubuntu starters! Thanks a lot!
Oybek Toshmatov,"Hello Mosh, I have been learning several tutorials from your Online courses on your website platform. You have cool explaining/teaching skills! Your courses are quite easy to grasp!"
Siddharth Subramanian,"Just the right course I needed! Thanks, Mosh! Just curious what zsh theme you're using there. Looks pretty cool"
Dr. Seyed Mohammad Mostafavi Kashani,"Brilliant work! Mosh, you are smart teacher i.e. reallly good at putting your feet into the shoes of your audience and guiding them!"
Krishna Agarwal,"Thank you Mosh for providing such a great tutorial for free, I want to get all the complete courses you have as you have explained them all in a great possible manner, would it be possible to add debit card option as a payment method for the courses that would be much easier for students like me to buy them."
LOEHCRACK RECOMMEND ON INSTAGRAM ,"I cannot thank you enough! My dad passed away and we‚Äôve been unable to Access our family PC for the past 2-3 years. He took the password with him, we tried countless password and nothing! I tried your method and it‚Äôs worked! You have no idea how happy I‚Äôm! A million thank you.‚òùÔ∏è"
Umutambyi Gad,"Mosh you're really my savior, I have been planed to learn it but didn't know where to start but now I hope it's going be clear"
LOEHCRACK RECOMMEND ON INSTAGRAM ,"I cannot thank you enough! My dad passed away and we‚Äôve been unable to Access our family PC for the past 2-3 years. He took the password with him, we tried countless password and nothing! I tried your method and it‚Äôs worked! You have no idea how happy I‚Äôm! A million thank you.‚òùÔ∏è"
WhiteChocolateMocha,"Best intro, ur visuals are cool and you kept things very simple, which is a great starting point. Thanks!"
Pythonpro freak,"Thank you for this video! I was setting servers on multi VMs and two raspberry pi boards but after seeing this, I can simply run everything on a single raspberry pi 4. I don't even need to set them up as a cluster."
shafiq dev,"Always love to watch Mosh trainings and learn new things even though if I know the topic already.

Mosh you're great software engineer and fantastic teacher."
Umut,"This tutorial is more about Linux basics than Docker, still good though."
Ganesh Babu,"It's only through Mosh's, I've understood that software development can be learnt effectively through proper video tutorials"
Ronak Patel,"Hi Mosh,

How big in size can Docker containers get? Are there any prerequisites for this?"
29 Naman Kumar,"The 3 dislikes are given by the people who structure coding courses with the motive of making money, not to educate others! Mosh is the #TopProgrammingGuru"
{ CS Projects },"I just got hired as full stack engineer.
I was struggling with docker 
after viewing this video , I will signup for this amazing 5h courses and learn more and then apply that knowledge at my work"
mary ma,This is truly insane to make such a complicate content much more comprehensible in 60 minutes
Janakiram Petluru,"Thanks for these videos sir :)
sir why can""t you give us a one full free course in your school site
we love your explanation so much...
please try to do this and give Python full course"
Yanike Mann,Incredible tutorial! Learned a lot :)
The Hassaan Atif,The timing of the release of this course is perfect (referring to the Suez Canal incident).
Joker57,Thanks a lot Mosh...you are a great teacher. Any plan on spring boot framework course?
Cristian Guam√°n,Thanks Mosh. I am considering enrolling in your course. I've known Linux since my 22 years and It will be great!.
Knowledge Resource,"For a more detailed understanding, you can watch the video in the link given below, which illustrates the fundamental concepts around containerization along with Linux containers, docker, and Kubernetes. #lxd #lxc #docker #kubernetes
https://www.youtube.com/watch?v=TlqD6UXdPHM&t=2531s"
Donald Duck,"Dang bruh, noice, I dig your style of releasing full length course for free like this. Kudos to ya. üëè"
Anurag Arwalkar,Thank You!!! Mosh For this Amazing Course On Docker Love Your All Courses üî•
Jigar Patel,Hello Mosh! Great video. Will you be covering DevOps in the future? Thank you!
Sagrika,"Saved me..Thank you Mosh...Had watched couple of videos and tutorials before but I can say, now I am clear & got what actually docker does
Love from India..."
Vinod Tiwari,The legend  is back with another nice course
samuel iruedo,"Hi mosh! I love the simplicity on this course you made it simple...you are indeed a great guy! Please could you do a course on Jenkins pipeline?

Thank you"
Randolph Gamo,"learning is good, but its best when you have a wonderful teacher. Mosh, you are a wonderful teacher"
Raghavan alias Saravanan M,"Great. A nice convincing demo was running the docker image on docker-lab where it did not have anything at first, except the Linux OS and the docker runtime. Thank you."
Yabombom,thanks morsh for the kindness and the time you invest to help us learn. Can you help us make a course about quasar framework?
KodiLearn,Please make Flutter and Django course after this.
David Cueter,"As soon I find you have this course I stop the searching for another one, I had made your courses before and are very easy to understand. Thanks!"
Sk Shahnawaz-ul Haque,Very good tutorial. Was struggling with docker earlier. You have made a well explained course. Thanks Mosh.
Vito Azzollini,"Hi, this is a great video! would you mind letting me know how to make my console/terminal look like yours? with the directory highlighted in blue and all?"
Planet of Live Games,You are the great tutor I have ever seen. Thanks to you.
Bash Bukari,My hero is back with an amazing course
David Bijttebier,"Great video but except for the fact it is running in a docker container I've only seen Linux stuff. (which is very much appreciated as well, some great tips in this video) 
However I understand you want to promote the complete course but maybe a little more insight in Dockerfile's, images and composing them would be cool."
